Method,MAE,Cosine,Correlation
PCA — Surface,0.07853834020998351,0.30563943824840534,0.3056394382484052
Corr — UL,0.08967205832174378,0.35701682170656895,0.35701682170656907
Corr — ATM,0.09000026834687239,0.3640167777189149,0.364016777718915
Corr — Surface,0.09476024617076564,0.24772956691520007,0.24772956691520007
PCA — ATM,0.09729631293493964,0.4215636606955041,0.4215636606955042
PCA — UL,0.09947618208385153,0.5502752282472367,0.5502752282472367
