Method,MAE,Cosine,Correlation
Corr — Surface,0.09240604873151737,-0.9217907284300012,-0.9217907284300011
PCA — UL,0.09240604873151737,-0.9217907284300012,-0.9217907284300011
Corr — ATM,0.13169671138700395,-0.9837287760709091,-0.983728776070908
PCA — Surface,0.13169671138700395,-0.9837287760709094,-0.9837287760709086
Corr — UL,0.131696711387004,-0.9837287760709096,-0.9837287760709088
PCA — ATM,0.13169671138700403,-0.9837287760709101,-0.9837287760709099
