DTE,Composite_IV
7,0.6501499829101565
14,0.7209500561523438
21,0.7611107873535156
28,0.7766135620117187
30,0.7778342529296876
56,0.8354658881460336
94,0.8721681739354396
112,0.8730857042518029
