DTE,IONQ_IV,Composite_IV,Diff
7,0.624027197265625,0.6588575781250002,0.034830380859375176
14,0.692385888671875,0.7304714453125,0.03808555664062496
21,0.7036162451171876,0.7802756347656249,0.07665938964843733
28,0.710940390625,0.798504619140625,0.08756422851562495
30,0.7091267926897322,0.8007367396763393,0.09160994698660707
56,0.7658226542968749,0.8586802994290865,0.09285764513221162
94,0.8074447269112722,0.8937426562768286,0.08629792936555636
112,0.7895528857421875,0.9009299770883413,0.11137709134615381
